model_id,loss,accuracy
6,1.3158290386199951,0.6312718987464905
1,0.2914794981479645,0.9148191213607788
3,0.6516483426094055,0.8494749069213867
17,1.3433560132980347,0.8109685182571411
16,1.2179934978485107,0.6767794489860535
12,0.5199500322341919,0.8448074460029602
29,1.5302597284317017,0.5857642889022827
21,0.6147231459617615,0.8448074460029602
22,1.4569896459579468,0.5775962471961975
