model_id,loss,accuracy
6,0.9501591324806213,0.7300000190734863
1,0.5361472964286804,0.875
3,0.7798053026199341,0.8299999833106995
17,1.3189753293991089,0.7799999713897705
16,1.7161953449249268,0.625
12,0.5155772566795349,0.8650000095367432
29,1.3284273147583008,0.625
21,0.5968517065048218,0.8799999952316284
22,1.0333993434906006,0.675000011920929
