model_id,loss,accuracy
6,1.4902141094207764,0.5810810923576355
1,0.40602508187294006,0.8999999761581421
3,0.8170496225357056,0.8256756663322449
17,1.4602253437042236,0.795945942401886
16,1.1103286743164062,0.6824324131011963
12,0.632526159286499,0.8135135173797607
29,1.673964262008667,0.566216230392456
21,0.7068509459495544,0.816216230392456
22,1.6475253105163574,0.5405405163764954
